Epoch,Train Loss,Val Loss
1,0.5075793780129532,0.5079166448595536
2,0.5055576792393608,0.5071282123500978
3,0.5052090762504216,0.5077525645943742
